order_id,created_at,channel,gross,refund,currency,status,is_test_order
E76-1010,2026-01-06T14:07:00Z,(direct),131.33,65.67,USD,paid,false
E76-1005,2026-01-06T14:32:00Z,"Facebook Ads",124.63,0.00,USD,paid,false
E76-1023,2026-01-06T14:32:00Z,fb,112.90,0.00,USD,paid,false
E76-1006,2026-01-06T14:40:00Z,affiliate,90.90,0.00,CAD,paid,false
E76-1007,2026-01-06T15:34:00Z,(direct),184.77,0.00,USD,paid,false
E76-1009,2026-01-06T15:56:00Z,"Facebook Ads",120.36,0.00,USD,cancelled,false
E76-1012,2026-01-06T16:01:00Z,facebook,55.52,0.00,USD,paid,false
E76-1018,2026-01-06T16:03:00Z,affiliate,178.99,0.00,USD,paid,false
E76-1019,2026-01-06T16:22:00Z,tiktok,52.39,0.00,USD,paid,false
E76-1017,2026-01-06T17:01:00Z,fb,73.87,0.00,CAD,paid,false
E76-1022,2026-01-06T17:12:00Z,tiktok,65.56,0.00,USD,paid,false
E76-1015,2026-01-06T17:23:00Z,email,179.03,0.00,CAD,paid,false
E76-1001,2026-01-06T17:35:00Z,tiktok,105.60,0.00,CAD,paid,false
E76-1014,2026-01-06T18:32:00Z,(direct),203.96,0.00,USD,paid,false
E76-1002,2026-01-06T19:05:00Z,"Facebook Ads",80.85,0.00,CAD,paid,false
E76-1016,2026-01-06T19:09:00Z,fb,187.03,0.00,USD,paid,false
E76-1008,2026-01-06T20:17:00Z,google,142.62,0.00,USD,paid,false
E76-1020,2026-01-06T20:45:00Z,(direct),26.38,0.00,USD,paid,false
E76-1003,2026-01-06T20:51:00Z,facebook,152.02,0.00,USD,paid,false
E76-1000,2026-01-06T21:48:00Z,email,60.12,0.00,USD,paid,false
E76-1011,2026-01-06T22:41:00Z,affiliate,101.45,0.00,USD,paid,true
E76-1021,2026-01-06T23:32:00Z,facebook,120.88,0.00,USD,paid,false
E76-1004,2026-01-06T23:34:00Z,"Facebook Ads",25.75,25.75,USD,paid,false
E76-1013,2026-01-06T23:43:00Z,"Facebook Ads",189.69,0.00,USD,paid,false
E76-1036,2026-01-07T14:28:00Z,email,187.91,0.00,USD,paid,false
E76-1024,2026-01-07T14:34:00Z,facebook,159.09,0.00,USD,paid,false
E76-1025,2026-01-07T14:51:00Z,affiliate,30.56,0.00,USD,paid,false
E76-1029,2026-01-07T14:53:00Z,email,153.64,0.00,USD,paid,false
E76-1038,2026-01-07T16:03:00Z,facebook,106.14,0.00,USD,paid,false
E76-1041,2026-01-07T16:24:00Z,email,65.36,0.00,USD,paid,false
E76-1043,2026-01-07T16:32:00Z,"Facebook Ads",53.61,0.00,CAD,paid,false
E76-1026,2026-01-07T17:16:00Z,fb,115.75,0.00,USD,paid,false
E76-1039,2026-01-07T17:39:00Z,facebook,194.73,0.00,USD,paid,false
E76-1037,2026-01-07T17:40:00Z,facebook,159.52,0.00,USD,paid,false
E76-1031,2026-01-07T18:08:00Z,"Facebook Ads",104.19,0.00,USD,paid,false
E76-1028,2026-01-07T18:31:00Z,tiktok,174.26,0.00,CAD,paid,false
E76-1032,2026-01-07T18:42:00Z,fb,187.18,0.00,USD,paid,false
E76-1044,2026-01-07T21:04:00Z,fb,78.78,0.00,USD,paid,false
E76-1033,2026-01-07T21:43:00Z,facebook,201.97,0.00,USD,paid,false
E76-1034,2026-01-07T21:45:00Z,email,118.14,0.00,USD,paid,false
E76-1040,2026-01-07T21:51:00Z,google,129.81,0.00,CAD,paid,false
E76-1030,2026-01-07T22:20:00Z,email,171.62,0.00,USD,paid,false
E76-1027,2026-01-07T22:50:00Z,"Facebook Ads",52.72,0.00,CAD,paid,false
E76-1042,2026-01-07T23:12:00Z,facebook,130.42,0.00,USD,paid,false
E76-1035,2026-01-07T23:35:00Z,"Facebook Ads",115.73,0.00,USD,paid,false
E76-1066,2026-01-08T14:08:00Z,tiktok,50.98,0.00,CAD,paid,false
E76-1051,2026-01-08T14:13:00Z,affiliate,154.80,0.00,USD,paid,false
E76-1059,2026-01-08T14:40:00Z,facebook,131.84,0.00,USD,paid,false
E76-1055,2026-01-08T14:57:00Z,email,45.48,0.00,USD,paid,false
E76-1060,2026-01-08T15:07:00Z,affiliate,110.16,0.00,CAD,paid,false
E76-1062,2026-01-08T15:39:00Z,tiktok,112.71,0.00,USD,paid,false
E76-1048,2026-01-08T15:55:00Z,(direct),36.41,0.00,USD,paid,false
E76-1047,2026-01-08T16:12:00Z,(direct),156.24,0.00,CAD,paid,false
E76-1045,2026-01-08T16:54:00Z,google,161.88,0.00,USD,paid,false
E76-1058,2026-01-08T16:59:00Z,tiktok,34.11,0.00,USD,paid,false
E76-1054,2026-01-08T17:37:00Z,affiliate,54.20,0.00,USD,paid,false
E76-1065,2026-01-08T17:56:00Z,facebook,152.30,0.00,USD,paid,false
E76-1046,2026-01-08T18:02:00Z,google,59.97,0.00,CAD,paid,false
E76-1057,2026-01-08T18:45:00Z,affiliate,180.34,0.00,USD,paid,false
E76-1050,2026-01-08T19:09:00Z,facebook,194.62,97.31,USD,paid,false
E76-1064,2026-01-08T19:20:00Z,fb,50.23,0.00,CAD,paid,false
E76-1052,2026-01-08T19:43:00Z,facebook,166.11,0.00,USD,paid,false
E76-1069,2026-01-08T19:50:00Z,google,190.45,0.00,USD,paid,false
E76-1063,2026-01-08T20:00:00Z,email,68.72,0.00,USD,paid,false
E76-1061,2026-01-08T20:17:00Z,facebook,47.86,0.00,USD,paid,false
E76-1067,2026-01-08T22:09:00Z,email,66.39,0.00,USD,paid,false
E76-1056,2026-01-08T22:26:00Z,google,29.34,0.00,USD,paid,false
E76-1053,2026-01-08T22:54:00Z,facebook,169.57,0.00,USD,paid,false
E76-1068,2026-01-08T23:06:00Z,affiliate,130.67,0.00,USD,paid,true
E76-1049,2026-01-08T23:55:00Z,facebook,44.69,0.00,USD,paid,false
E76-1080,2026-01-09T14:18:00Z,(direct),128.75,0.00,USD,paid,false
E76-1074,2026-01-09T14:40:00Z,facebook,159.16,0.00,USD,paid,false
E76-1072,2026-01-09T17:04:00Z,affiliate,195.56,0.00,USD,paid,false
E76-1085,2026-01-09T17:27:00Z,(direct),114.28,0.00,USD,paid,false
E76-1071,2026-01-09T17:54:00Z,fb,147.77,0.00,USD,paid,false
E76-1075,2026-01-09T17:56:00Z,affiliate,94.25,0.00,CAD,paid,false
E76-1081,2026-01-09T18:20:00Z,"Facebook Ads",139.01,0.00,USD,paid,false
E76-1083,2026-01-09T18:41:00Z,facebook,84.38,0.00,CAD,paid,false
E76-1078,2026-01-09T19:03:00Z,email,69.73,0.00,USD,paid,false
E76-1086,2026-01-09T19:28:00Z,(direct),150.85,0.00,CAD,paid,false
E76-1076,2026-01-09T19:46:00Z,"Facebook Ads",143.53,0.00,USD,paid,false
E76-1082,2026-01-09T19:49:00Z,facebook,62.18,0.00,USD,paid,false
E76-1087,2026-01-09T20:50:00Z,tiktok,97.09,0.00,CAD,paid,false
E76-1077,2026-01-09T21:04:00Z,affiliate,130.30,0.00,USD,paid,false
E76-1084,2026-01-09T21:11:00Z,facebook,57.79,0.00,CAD,paid,false
E76-1070,2026-01-09T21:41:00Z,facebook,181.96,0.00,USD,paid,false
E76-1079,2026-01-09T22:38:00Z,facebook,168.54,0.00,USD,paid,false
E76-1073,2026-01-09T23:57:00Z,"Facebook Ads",44.81,0.00,USD,paid,false
E76-1112,2026-01-10T14:25:00Z,fb,189.16,0.00,CAD,paid,false
E76-1102,2026-01-10T14:26:00Z,fb,150.55,0.00,CAD,paid,false
E76-1101,2026-01-10T14:30:00Z,fb,102.17,0.00,CAD,paid,false
E76-1100,2026-01-10T14:39:00Z,fb,79.35,39.67,USD,paid,false
E76-1109,2026-01-10T14:53:00Z,affiliate,189.49,94.75,USD,paid,false
E76-1098,2026-01-10T15:25:00Z,affiliate,39.25,0.00,USD,paid,false
E76-1093,2026-01-10T15:46:00Z,fb,172.06,0.00,USD,paid,false
E76-1110,2026-01-10T15:54:00Z,tiktok,91.35,0.00,CAD,paid,false
E76-1103,2026-01-10T16:40:00Z,google,85.84,0.00,USD,paid,false
E76-1097,2026-01-10T17:30:00Z,affiliate,44.49,0.00,USD,paid,false
E76-1106,2026-01-10T17:30:00Z,affiliate,102.28,0.00,CAD,paid,false
E76-1097,2026-01-10T17:30:00Z,affiliate,44.49,0.00,USD,paid,false
E76-1107,2026-01-10T18:16:00Z,(direct),79.24,0.00,USD,paid,false
E76-1113,2026-01-10T18:38:00Z,affiliate,147.26,0.00,USD,paid,false
E76-1105,2026-01-10T18:54:00Z,facebook,39.10,0.00,USD,paid,false
E76-1099,2026-01-10T18:55:00Z,(direct),92.94,0.00,USD,paid,false
E76-1095,2026-01-10T19:01:00Z,google,167.85,0.00,USD,cancelled,false
E76-1092,2026-01-10T19:21:00Z,email,140.02,0.00,USD,paid,false
E76-1108,2026-01-10T19:37:00Z,fb,130.06,0.00,USD,paid,false
E76-1091,2026-01-10T21:17:00Z,email,72.93,0.00,CAD,paid,false
E76-1088,2026-01-10T21:20:00Z,(direct),127.95,0.00,USD,paid,false
E76-1104,2026-01-10T21:25:00Z,fb,166.41,0.00,USD,paid,false
E76-1089,2026-01-10T22:01:00Z,(direct),201.07,0.00,USD,paid,false
E76-1094,2026-01-10T22:57:00Z,(direct),167.47,0.00,USD,paid,false
E76-1111,2026-01-10T23:12:00Z,facebook,171.37,0.00,USD,paid,false
E76-1096,2026-01-10T23:16:00Z,email,135.56,0.00,USD,paid,false
E76-1090,2026-01-10T23:24:00Z,"Facebook Ads",164.64,0.00,USD,paid,false
E76-1128,2026-01-11T14:07:00Z,facebook,180.98,0.00,USD,paid,false
E76-1115,2026-01-11T14:25:00Z,affiliate,162.62,0.00,USD,paid,false
E76-1114,2026-01-11T14:37:00Z,affiliate,142.49,0.00,USD,paid,false
E76-1130,2026-01-11T15:40:00Z,email,114.19,0.00,CAD,paid,false
E76-1142,2026-01-11T16:20:00Z,tiktok,184.75,0.00,USD,paid,false
E76-1131,2026-01-11T16:33:00Z,"Facebook Ads",203.96,0.00,USD,paid,false
E76-1141,2026-01-11T16:40:00Z,tiktok,179.84,0.00,USD,cancelled,false
E76-1121,2026-01-11T16:42:00Z,(direct),121.32,0.00,USD,cancelled,false
E76-1134,2026-01-11T16:51:00Z,tiktok,143.51,0.00,USD,paid,false
E76-1129,2026-01-11T16:54:00Z,fb,148.42,0.00,USD,paid,false
E76-1138,2026-01-11T17:09:00Z,"Facebook Ads",63.28,31.64,USD,paid,false
E76-1139,2026-01-11T17:17:00Z,affiliate,189.01,0.00,USD,paid,false
E76-1118,2026-01-11T18:13:00Z,tiktok,75.54,0.00,CAD,paid,false
E76-1135,2026-01-11T18:58:00Z,fb,58.42,0.00,USD,paid,false
E76-1123,2026-01-11T19:00:00Z,tiktok,62.67,0.00,USD,paid,false
E76-1119,2026-01-11T19:36:00Z,email,141.48,0.00,USD,paid,false
E76-1136,2026-01-11T19:38:00Z,tiktok,190.27,0.00,CAD,paid,false
E76-1140,2026-01-11T20:10:00Z,(direct),89.98,0.00,CAD,paid,false
E76-1143,2026-01-11T20:40:00Z,affiliate,38.43,0.00,USD,paid,false
E76-1117,2026-01-11T20:48:00Z,tiktok,95.90,0.00,USD,paid,false
E76-1126,2026-01-11T20:52:00Z,facebook,74.03,0.00,CAD,paid,false
E76-1116,2026-01-11T20:55:00Z,email,54.67,0.00,CAD,paid,false
E76-1120,2026-01-11T21:04:00Z,affiliate,94.60,0.00,USD,paid,false
E76-1132,2026-01-11T21:50:00Z,tiktok,182.18,0.00,CAD,paid,false
E76-1137,2026-01-11T22:07:00Z,tiktok,104.11,0.00,USD,paid,false
E76-1124,2026-01-11T22:20:00Z,facebook,74.98,0.00,USD,paid,false
E76-1133,2026-01-11T22:20:00Z,"Facebook Ads",149.44,74.72,USD,paid,false
E76-1122,2026-01-11T23:14:00Z,google,181.00,0.00,USD,paid,false
E76-1127,2026-01-11T23:42:00Z,"Facebook Ads",174.63,0.00,USD,paid,false
E76-1125,2026-01-11T23:45:00Z,(direct),116.71,0.00,USD,paid,false
E76-1144,2026-01-12T14:26:00Z,fb,203.00,0.00,USD,paid,false
E76-1162,2026-01-12T14:34:00Z,email,169.72,0.00,USD,paid,false
E76-1160,2026-01-12T15:06:00Z,affiliate,81.67,0.00,USD,paid,false
E76-1153,2026-01-12T15:25:00Z,facebook,174.11,174.11,USD,paid,false
E76-1158,2026-01-12T15:32:00Z,email,153.11,0.00,USD,paid,false
E76-1165,2026-01-12T16:20:00Z,"Facebook Ads",160.32,0.00,USD,paid,false
E76-1147,2026-01-12T16:30:00Z,email,60.77,0.00,USD,paid,false
E76-1159,2026-01-12T16:37:00Z,email,99.18,0.00,USD,paid,false
E76-1146,2026-01-12T17:04:00Z,email,105.65,0.00,USD,paid,false
E76-1170,2026-01-12T17:33:00Z,facebook,144.26,0.00,USD,paid,false
E76-1167,2026-01-12T17:58:00Z,(direct),62.95,31.48,USD,paid,false
E76-1157,2026-01-12T18:14:00Z,"Facebook Ads",177.14,0.00,USD,paid,false
E76-1154,2026-01-12T18:30:00Z,google,87.59,0.00,USD,paid,false
E76-1168,2026-01-12T18:33:00Z,facebook,179.29,0.00,USD,paid,false
E76-1156,2026-01-12T19:14:00Z,"Facebook Ads",117.50,0.00,CAD,paid,false
E76-1155,2026-01-12T19:16:00Z,tiktok,104.95,0.00,USD,paid,false
E76-1163,2026-01-12T19:29:00Z,email,200.26,0.00,USD,paid,false
E76-1169,2026-01-12T19:47:00Z,google,53.47,0.00,USD,paid,false
E76-1148,2026-01-12T19:51:00Z,(direct),55.93,0.00,USD,paid,false
E76-1161,2026-01-12T20:20:00Z,tiktok,109.71,0.00,CAD,paid,false
E76-1152,2026-01-12T20:40:00Z,google,152.63,0.00,USD,paid,false
E76-1150,2026-01-12T21:26:00Z,facebook,37.32,0.00,USD,paid,false
E76-1149,2026-01-12T21:34:00Z,(direct),31.91,31.91,USD,paid,false
E76-1164,2026-01-12T22:03:00Z,(direct),97.08,0.00,USD,paid,false
E76-1166,2026-01-12T22:03:00Z,google,115.52,0.00,USD,paid,false
E76-1151,2026-01-12T23:21:00Z,google,120.32,0.00,USD,paid,false
E76-1145,2026-01-12T23:45:00Z,(direct),69.25,0.00,USD,paid,false
E76-1174,2026-01-13T14:13:00Z,google,79.83,79.83,USD,paid,false
E76-1192,2026-01-13T14:48:00Z,google,36.58,0.00,CAD,paid,false
E76-1186,2026-01-13T14:59:00Z,facebook,78.81,0.00,USD,paid,false
E76-1194,2026-01-13T15:41:00Z,tiktok,75.77,0.00,USD,paid,false
E76-1173,2026-01-13T15:53:00Z,"Facebook Ads",182.65,0.00,USD,paid,false
E76-1183,2026-01-13T15:57:00Z,affiliate,67.22,0.00,USD,paid,false
E76-1198,2026-01-13T16:10:00Z,fb,173.11,0.00,CAD,paid,false
E76-1197,2026-01-13T16:27:00Z,"Facebook Ads",61.36,0.00,CAD,paid,false
E76-1190,2026-01-13T16:36:00Z,google,148.14,74.07,USD,paid,false
E76-1171,2026-01-13T16:58:00Z,tiktok,89.43,89.43,CAD,paid,false
E76-1199,2026-01-13T17:22:00Z,tiktok,189.99,0.00,USD,paid,false
E76-1180,2026-01-13T17:26:00Z,"Facebook Ads",49.39,0.00,CAD,paid,false
E76-1181,2026-01-13T17:40:00Z,tiktok,172.36,0.00,CAD,paid,false
E76-1189,2026-01-13T18:22:00Z,(direct),111.29,0.00,CAD,paid,false
E76-1178,2026-01-13T18:26:00Z,(direct),129.62,0.00,USD,paid,false
E76-1175,2026-01-13T18:41:00Z,email,87.57,0.00,USD,paid,false
E76-1195,2026-01-13T19:23:00Z,"Facebook Ads",156.39,0.00,CAD,paid,false
E76-1200,2026-01-13T19:26:00Z,google,42.81,0.00,USD,paid,false
E76-1196,2026-01-13T19:54:00Z,"Facebook Ads",179.80,0.00,USD,paid,false
E76-1184,2026-01-13T20:52:00Z,(direct),65.19,0.00,USD,paid,false
E76-1184,2026-01-13T20:52:00Z,(direct),65.19,0.00,USD,paid,false
E76-1188,2026-01-13T21:03:00Z,google,199.17,0.00,CAD,paid,false
E76-1177,2026-01-13T21:04:00Z,google,185.81,0.00,USD,paid,false
E76-1182,2026-01-13T21:09:00Z,affiliate,198.88,0.00,USD,paid,false
E76-1185,2026-01-13T21:20:00Z,fb,156.83,0.00,USD,paid,false
E76-1187,2026-01-13T22:30:00Z,email,70.16,0.00,CAD,paid,false
E76-1191,2026-01-13T22:45:00Z,fb,52.60,0.00,USD,paid,false
E76-1176,2026-01-13T22:51:00Z,"Facebook Ads",123.55,0.00,CAD,paid,false
E76-1172,2026-01-13T22:53:00Z,email,181.00,0.00,USD,paid,false
E76-1193,2026-01-13T23:09:00Z,google,91.96,0.00,USD,paid,false
E76-1179,2026-01-13T23:43:00Z,google,127.08,0.00,CAD,paid,false
E76-1208,2026-01-14T14:10:00Z,(direct),166.66,0.00,USD,paid,false
E76-1222,2026-01-14T14:23:00Z,(direct),127.96,0.00,USD,paid,false
E76-1220,2026-01-14T14:25:00Z,affiliate,43.53,0.00,USD,paid,false
E76-1209,2026-01-14T14:59:00Z,email,196.94,0.00,USD,paid,false
E76-1202,2026-01-14T16:02:00Z,(direct),191.63,0.00,USD,paid,false
E76-1203,2026-01-14T16:04:00Z,"Facebook Ads",77.63,0.00,USD,paid,true
E76-1211,2026-01-14T16:10:00Z,(direct),78.32,0.00,USD,paid,false
E76-1207,2026-01-14T16:47:00Z,google,162.19,0.00,USD,paid,false
E76-1213,2026-01-14T16:53:00Z,email,140.19,0.00,CAD,paid,false
E76-1215,2026-01-14T16:59:00Z,tiktok,86.83,0.00,USD,paid,false
E76-1226,2026-01-14T17:35:00Z,affiliate,95.41,0.00,USD,paid,false
E76-1224,2026-01-14T18:32:00Z,email,176.57,0.00,CAD,paid,false
E76-1218,2026-01-14T18:40:00Z,"Facebook Ads",107.08,0.00,USD,paid,false
E76-1201,2026-01-14T18:43:00Z,facebook,46.15,0.00,USD,paid,false
E76-1212,2026-01-14T19:06:00Z,affiliate,37.42,0.00,USD,paid,false
E76-1214,2026-01-14T19:06:00Z,(direct),134.71,0.00,CAD,paid,false
E76-1212,2026-01-14T19:06:00Z,affiliate,37.42,0.00,USD,paid,false
E76-1216,2026-01-14T19:29:00Z,tiktok,155.20,0.00,USD,paid,false
E76-1225,2026-01-14T19:33:00Z,tiktok,169.95,0.00,USD,paid,false
E76-1205,2026-01-14T20:54:00Z,affiliate,148.11,0.00,USD,paid,false
E76-1223,2026-01-14T20:59:00Z,email,203.07,0.00,USD,paid,false
E76-1204,2026-01-14T21:03:00Z,google,186.50,0.00,USD,paid,false
E76-1221,2026-01-14T21:50:00Z,google,139.91,0.00,USD,paid,false
E76-1217,2026-01-14T22:07:00Z,affiliate,49.09,0.00,CAD,paid,false
E76-1206,2026-01-14T22:09:00Z,google,166.16,0.00,USD,paid,false
E76-1210,2026-01-14T23:42:00Z,(direct),180.50,0.00,USD,paid,false
E76-1219,2026-01-14T23:43:00Z,google,31.89,0.00,USD,paid,false
E76-1230,2026-01-15T14:33:00Z,fb,31.55,15.78,USD,paid,false
E76-1229,2026-01-15T15:08:00Z,affiliate,40.76,0.00,USD,cancelled,false
E76-1241,2026-01-15T15:28:00Z,(direct),86.87,0.00,CAD,paid,false
E76-1246,2026-01-15T15:40:00Z,email,28.38,0.00,USD,paid,false
E76-1242,2026-01-15T15:51:00Z,google,123.43,0.00,USD,paid,false
E76-1245,2026-01-15T15:57:00Z,(direct),87.91,0.00,USD,paid,false
E76-1234,2026-01-15T16:27:00Z,fb,94.21,0.00,USD,paid,false
E76-1239,2026-01-15T16:49:00Z,google,39.65,0.00,USD,paid,false
E76-1231,2026-01-15T16:51:00Z,affiliate,165.37,0.00,CAD,paid,false
E76-1237,2026-01-15T17:41:00Z,google,78.15,0.00,CAD,paid,false
E76-1240,2026-01-15T17:57:00Z,fb,133.71,0.00,CAD,paid,false
E76-1233,2026-01-15T17:58:00Z,google,161.20,0.00,CAD,paid,false
E76-1244,2026-01-15T18:28:00Z,"Facebook Ads",203.54,0.00,USD,cancelled,true
E76-1243,2026-01-15T18:29:00Z,email,136.12,0.00,USD,paid,false
E76-1235,2026-01-15T18:58:00Z,affiliate,68.89,34.45,USD,paid,false
E76-1227,2026-01-15T19:33:00Z,google,39.93,0.00,USD,paid,false
E76-1228,2026-01-15T20:32:00Z,affiliate,46.24,23.12,USD,paid,false
E76-1236,2026-01-15T20:52:00Z,tiktok,198.64,0.00,USD,paid,false
E76-1232,2026-01-15T21:05:00Z,email,95.55,0.00,USD,paid,false
E76-1238,2026-01-15T23:00:00Z,google,198.13,0.00,CAD,paid,false
E76-1249,2026-01-16T14:30:00Z,google,130.50,0.00,USD,paid,false
E76-1256,2026-01-16T14:47:00Z,(direct),180.50,0.00,USD,paid,false
E76-1250,2026-01-16T14:54:00Z,"Facebook Ads",153.96,0.00,USD,paid,false
E76-1259,2026-01-16T15:41:00Z,(direct),148.34,0.00,USD,paid,false
E76-1248,2026-01-16T16:08:00Z,(direct),198.30,0.00,USD,paid,false
E76-1252,2026-01-16T16:27:00Z,facebook,88.83,0.00,CAD,paid,false
E76-1262,2026-01-16T16:49:00Z,fb,179.45,0.00,USD,cancelled,false
E76-1254,2026-01-16T18:05:00Z,affiliate,189.31,0.00,CAD,paid,false
E76-1247,2026-01-16T18:27:00Z,affiliate,52.87,0.00,USD,paid,false
E76-1253,2026-01-16T18:47:00Z,(direct),90.08,0.00,USD,paid,false
E76-1258,2026-01-16T19:10:00Z,fb,179.30,0.00,USD,paid,false
E76-1264,2026-01-16T19:17:00Z,facebook,53.97,0.00,USD,paid,false
E76-1263,2026-01-16T19:19:00Z,"Facebook Ads",171.96,0.00,USD,paid,false
E76-1265,2026-01-16T19:59:00Z,tiktok,171.66,0.00,USD,paid,false
E76-1261,2026-01-16T21:06:00Z,affiliate,173.33,0.00,USD,paid,false
E76-1257,2026-01-16T21:15:00Z,email,127.09,0.00,USD,paid,false
E76-1251,2026-01-16T21:20:00Z,"Facebook Ads",158.88,0.00,CAD,paid,false
E76-1255,2026-01-16T22:18:00Z,google,108.65,0.00,CAD,paid,false
E76-1266,2026-01-16T23:12:00Z,facebook,165.49,0.00,USD,paid,false
E76-1260,2026-01-16T23:32:00Z,tiktok,81.05,0.00,CAD,paid,false
E76-1267,2026-01-16T23:36:00Z,(direct),200.53,0.00,USD,cancelled,false
E76-1270,2026-01-17T15:40:00Z,facebook,133.73,0.00,USD,paid,false
E76-1286,2026-01-17T16:41:00Z,tiktok,154.14,0.00,USD,paid,false
E76-1291,2026-01-17T17:03:00Z,fb,183.28,0.00,USD,paid,false
E76-1275,2026-01-17T17:24:00Z,facebook,150.73,0.00,USD,paid,false
E76-1282,2026-01-17T17:42:00Z,"Facebook Ads",178.97,0.00,USD,paid,false
E76-1285,2026-01-17T17:56:00Z,facebook,51.99,26.00,USD,paid,false
E76-1289,2026-01-17T18:13:00Z,"Facebook Ads",85.34,0.00,USD,paid,false
E76-1268,2026-01-17T18:25:00Z,tiktok,129.35,0.00,USD,paid,false
E76-1283,2026-01-17T18:29:00Z,fb,150.65,0.00,USD,paid,false
E76-1273,2026-01-17T19:22:00Z,facebook,149.13,0.00,USD,paid,false
E76-1290,2026-01-17T19:27:00Z,tiktok,126.55,0.00,USD,paid,false
E76-1278,2026-01-17T19:55:00Z,affiliate,59.04,29.52,CAD,paid,false
E76-1269,2026-01-17T20:56:00Z,fb,163.90,0.00,USD,paid,true
E76-1280,2026-01-17T21:00:00Z,facebook,64.78,0.00,USD,paid,false
E76-1271,2026-01-17T21:13:00Z,email,138.41,0.00,USD,paid,false
E76-1274,2026-01-17T21:27:00Z,tiktok,35.19,0.00,USD,paid,false
E76-1284,2026-01-17T21:37:00Z,facebook,83.49,0.00,USD,paid,false
E76-1277,2026-01-17T22:20:00Z,facebook,105.67,0.00,USD,paid,false
E76-1281,2026-01-17T22:41:00Z,tiktok,155.44,0.00,USD,paid,false
E76-1287,2026-01-17T22:45:00Z,tiktok,69.66,0.00,USD,paid,false
E76-1288,2026-01-17T22:53:00Z,email,120.18,0.00,USD,paid,false
E76-1272,2026-01-17T23:15:00Z,google,117.89,0.00,USD,paid,false
E76-1276,2026-01-17T23:45:00Z,tiktok,194.11,0.00,USD,paid,false
E76-1279,2026-01-17T23:54:00Z,email,102.54,0.00,USD,paid,false
E76-1307,2026-01-18T14:21:00Z,(direct),154.97,0.00,USD,paid,false
E76-1300,2026-01-18T14:49:00Z,affiliate,188.26,0.00,USD,paid,false
E76-1309,2026-01-18T15:13:00Z,facebook,197.38,197.38,USD,paid,false
E76-1303,2026-01-18T15:56:00Z,(direct),55.53,0.00,USD,paid,false
E76-1310,2026-01-18T16:05:00Z,"Facebook Ads",148.43,0.00,USD,paid,false
E76-1305,2026-01-18T16:31:00Z,facebook,93.48,0.00,USD,paid,false
E76-1295,2026-01-18T16:53:00Z,tiktok,47.44,0.00,USD,paid,false
E76-1294,2026-01-18T17:01:00Z,tiktok,168.33,0.00,USD,paid,false
E76-1299,2026-01-18T17:19:00Z,tiktok,65.82,0.00,USD,paid,false
E76-1302,2026-01-18T17:30:00Z,"Facebook Ads",57.19,0.00,USD,paid,false
E76-1301,2026-01-18T18:47:00Z,facebook,114.75,0.00,USD,cancelled,false
E76-1306,2026-01-18T19:15:00Z,fb,174.88,0.00,USD,paid,false
E76-1296,2026-01-18T19:54:00Z,affiliate,159.44,0.00,USD,paid,false
E76-1304,2026-01-18T20:50:00Z,fb,125.27,0.00,USD,paid,false
E76-1292,2026-01-18T21:02:00Z,affiliate,161.17,0.00,USD,paid,false
E76-1298,2026-01-18T21:36:00Z,email,184.47,0.00,USD,paid,false
E76-1297,2026-01-18T21:54:00Z,facebook,168.78,0.00,CAD,cancelled,false
E76-1293,2026-01-18T21:58:00Z,"Facebook Ads",126.55,0.00,USD,paid,false
E76-1311,2026-01-18T22:15:00Z,google,93.60,0.00,USD,paid,false
E76-1308,2026-01-18T23:00:00Z,"Facebook Ads",166.90,0.00,USD,paid,false
E76-1312,2026-01-18T23:55:00Z,tiktok,67.14,0.00,USD,paid,false
E76-1330,2026-01-19T14:04:00Z,tiktok,159.87,0.00,USD,paid,false
E76-1326,2026-01-19T14:12:00Z,tiktok,172.84,0.00,CAD,paid,false
E76-1324,2026-01-19T14:38:00Z,fb,158.58,0.00,USD,paid,false
E76-1314,2026-01-19T15:01:00Z,affiliate,193.92,0.00,USD,paid,false
E76-1335,2026-01-19T15:07:00Z,"Facebook Ads",159.38,0.00,USD,paid,false
E76-1321,2026-01-19T15:08:00Z,facebook,175.57,0.00,USD,cancelled,true
E76-1317,2026-01-19T15:24:00Z,facebook,186.45,0.00,USD,paid,false
E76-1322,2026-01-19T15:39:00Z,facebook,65.70,0.00,USD,paid,false
E76-1316,2026-01-19T15:50:00Z,email,70.31,0.00,CAD,paid,false
E76-1328,2026-01-19T16:00:00Z,email,202.65,0.00,CAD,paid,false
E76-1315,2026-01-19T16:49:00Z,affiliate,108.92,0.00,USD,paid,false
E76-1336,2026-01-19T16:52:00Z,affiliate,35.08,0.00,USD,paid,false
E76-1313,2026-01-19T17:08:00Z,google,102.09,0.00,USD,paid,false
E76-1327,2026-01-19T17:27:00Z,tiktok,178.53,0.00,USD,paid,false
E76-1334,2026-01-19T17:49:00Z,"Facebook Ads",52.74,0.00,USD,paid,true
E76-1333,2026-01-19T17:55:00Z,affiliate,139.81,0.00,USD,paid,false
E76-1332,2026-01-19T19:37:00Z,facebook,155.86,0.00,USD,paid,false
E76-1318,2026-01-19T20:48:00Z,"Facebook Ads",162.49,0.00,USD,paid,false
E76-1319,2026-01-19T21:05:00Z,google,154.07,0.00,USD,paid,false
E76-1320,2026-01-19T21:26:00Z,facebook,197.28,0.00,USD,paid,false
E76-1323,2026-01-19T21:53:00Z,(direct),86.52,0.00,USD,paid,false
E76-1325,2026-01-19T22:05:00Z,fb,72.16,0.00,USD,paid,false
E76-1329,2026-01-19T22:36:00Z,(direct),93.59,0.00,USD,paid,false
E76-1331,2026-01-19T23:54:00Z,"Facebook Ads",115.38,0.00,USD,paid,false
E76-1364,2026-01-20T14:37:00Z,"Facebook Ads",52.92,0.00,USD,paid,false
E76-1348,2026-01-20T14:54:00Z,facebook,181.82,0.00,CAD,paid,false
E76-1337,2026-01-20T15:01:00Z,email,190.49,0.00,USD,paid,false
E76-1340,2026-01-20T15:02:00Z,facebook,55.34,0.00,USD,paid,false
E76-1353,2026-01-20T15:30:00Z,email,65.93,0.00,USD,paid,false
E76-1352,2026-01-20T15:32:00Z,fb,64.98,0.00,USD,paid,false
E76-1344,2026-01-20T15:37:00Z,google,38.50,0.00,USD,paid,false
E76-1359,2026-01-20T15:39:00Z,(direct),55.26,0.00,USD,paid,false
E76-1341,2026-01-20T15:43:00Z,affiliate,36.76,0.00,USD,cancelled,false
E76-1362,2026-01-20T15:49:00Z,google,62.02,0.00,CAD,cancelled,false
E76-1365,2026-01-20T16:01:00Z,tiktok,46.83,0.00,USD,cancelled,false
E76-1365,2026-01-20T16:01:00Z,tiktok,46.83,0.00,USD,cancelled,false
E76-1351,2026-01-20T16:40:00Z,google,189.89,0.00,USD,cancelled,false
E76-1361,2026-01-20T17:02:00Z,(direct),113.59,0.00,USD,paid,false
E76-1363,2026-01-20T17:16:00Z,"Facebook Ads",136.56,0.00,USD,paid,false
E76-1338,2026-01-20T18:07:00Z,affiliate,138.30,0.00,USD,paid,false
E76-1345,2026-01-20T18:21:00Z,tiktok,181.94,0.00,USD,paid,false
E76-1355,2026-01-20T18:50:00Z,(direct),75.61,0.00,USD,paid,false
E76-1360,2026-01-20T18:50:00Z,email,172.78,0.00,USD,paid,false
E76-1349,2026-01-20T19:13:00Z,facebook,82.12,0.00,USD,paid,false
E76-1357,2026-01-20T20:26:00Z,facebook,201.90,0.00,USD,paid,false
E76-1350,2026-01-20T20:52:00Z,google,190.43,0.00,USD,paid,false
E76-1342,2026-01-20T20:55:00Z,fb,87.77,0.00,USD,paid,false
E76-1354,2026-01-20T21:38:00Z,affiliate,155.76,0.00,USD,paid,false
E76-1339,2026-01-20T22:08:00Z,tiktok,76.24,0.00,USD,paid,false
E76-1346,2026-01-20T22:53:00Z,"Facebook Ads",138.93,138.93,USD,paid,false
E76-1356,2026-01-20T23:14:00Z,affiliate,202.75,0.00,CAD,paid,false
E76-1358,2026-01-20T23:27:00Z,email,144.12,0.00,USD,paid,false
E76-1347,2026-01-20T23:36:00Z,facebook,57.01,0.00,USD,paid,false
E76-1343,2026-01-20T23:39:00Z,email,76.01,0.00,USD,paid,false
E76-1386,2026-01-21T14:15:00Z,facebook,96.70,0.00,USD,paid,false
E76-1371,2026-01-21T15:17:00Z,(direct),119.46,0.00,USD,paid,false
E76-1375,2026-01-21T15:39:00Z,tiktok,193.34,0.00,CAD,paid,false
E76-1368,2026-01-21T15:46:00Z,facebook,72.03,0.00,USD,paid,false
E76-1377,2026-01-21T15:46:00Z,fb,112.92,0.00,USD,paid,false
E76-1380,2026-01-21T15:57:00Z,facebook,77.83,0.00,USD,paid,false
E76-1366,2026-01-21T16:13:00Z,"Facebook Ads",197.12,0.00,CAD,paid,false
E76-1373,2026-01-21T16:15:00Z,fb,77.38,0.00,CAD,paid,false
E76-1381,2026-01-21T16:40:00Z,"Facebook Ads",116.80,0.00,USD,paid,false
E76-1370,2026-01-21T16:45:00Z,"Facebook Ads",138.07,0.00,USD,cancelled,false
E76-1384,2026-01-21T16:53:00Z,affiliate,192.64,0.00,USD,paid,false
E76-1372,2026-01-21T18:44:00Z,tiktok,194.91,0.00,USD,paid,false
E76-1379,2026-01-21T19:06:00Z,affiliate,47.08,0.00,USD,paid,false
E76-1382,2026-01-21T20:24:00Z,tiktok,192.81,0.00,USD,paid,false
E76-1385,2026-01-21T20:43:00Z,facebook,200.77,0.00,USD,paid,false
E76-1376,2026-01-21T21:19:00Z,google,85.02,0.00,USD,paid,false
E76-1374,2026-01-21T21:31:00Z,"Facebook Ads",92.31,0.00,USD,paid,false
E76-1367,2026-01-21T21:58:00Z,fb,109.96,0.00,USD,paid,false
E76-1383,2026-01-21T22:05:00Z,google,70.00,0.00,USD,paid,false
E76-1369,2026-01-21T22:07:00Z,facebook,111.62,0.00,USD,paid,false
E76-1388,2026-01-21T22:17:00Z,fb,64.24,0.00,USD,cancelled,false
E76-1378,2026-01-21T22:45:00Z,tiktok,51.45,0.00,USD,paid,false
E76-1387,2026-01-21T22:45:00Z,affiliate,35.64,0.00,USD,paid,false
E76-1419,2026-01-22T14:21:00Z,facebook,83.76,0.00,USD,paid,false
E76-1411,2026-01-22T14:32:00Z,"Facebook Ads",66.54,0.00,USD,paid,false
E76-1412,2026-01-22T14:35:00Z,"Facebook Ads",99.17,0.00,USD,paid,false
E76-1405,2026-01-22T14:44:00Z,google,144.74,0.00,USD,paid,false
E76-1402,2026-01-22T14:50:00Z,tiktok,170.01,0.00,CAD,paid,false
E76-1390,2026-01-22T15:21:00Z,tiktok,92.33,0.00,USD,paid,false
E76-1404,2026-01-22T15:52:00Z,email,127.26,0.00,CAD,paid,false
E76-1398,2026-01-22T16:07:00Z,affiliate,173.70,0.00,USD,paid,false
E76-1414,2026-01-22T16:07:00Z,(direct),166.97,0.00,USD,paid,false
E76-1392,2026-01-22T16:58:00Z,tiktok,122.87,0.00,USD,paid,false
E76-1416,2026-01-22T17:51:00Z,google,51.85,0.00,CAD,paid,false
E76-1408,2026-01-22T17:52:00Z,"Facebook Ads",94.11,94.11,USD,paid,false
E76-1410,2026-01-22T18:20:00Z,email,118.22,0.00,USD,paid,false
E76-1394,2026-01-22T19:29:00Z,google,75.98,0.00,USD,paid,false
E76-1403,2026-01-22T19:32:00Z,(direct),185.03,0.00,USD,paid,false
E76-1393,2026-01-22T19:39:00Z,email,74.17,0.00,USD,paid,false
E76-1391,2026-01-22T19:55:00Z,"Facebook Ads",71.38,0.00,USD,paid,false
E76-1400,2026-01-22T20:37:00Z,tiktok,163.94,0.00,USD,paid,false
E76-1415,2026-01-22T20:58:00Z,facebook,178.26,0.00,USD,paid,false
E76-1397,2026-01-22T21:13:00Z,affiliate,154.46,0.00,USD,paid,false
E76-1406,2026-01-22T21:26:00Z,fb,58.05,0.00,USD,paid,false
E76-1395,2026-01-22T22:06:00Z,fb,185.59,0.00,USD,paid,false
E76-1401,2026-01-22T22:22:00Z,fb,117.84,0.00,USD,paid,true
E76-1418,2026-01-22T22:25:00Z,fb,194.59,0.00,USD,paid,false
E76-1407,2026-01-22T22:29:00Z,(direct),138.85,0.00,USD,paid,false
E76-1396,2026-01-22T22:32:00Z,(direct),59.46,0.00,USD,paid,false
E76-1417,2026-01-22T22:47:00Z,(direct),175.51,0.00,USD,paid,false
E76-1389,2026-01-22T22:50:00Z,facebook,81.98,40.99,USD,paid,false
E76-1413,2026-01-22T23:11:00Z,tiktok,56.96,0.00,USD,paid,false
E76-1409,2026-01-22T23:14:00Z,(direct),87.52,0.00,CAD,paid,false
E76-1399,2026-01-22T23:56:00Z,"Facebook Ads",77.88,0.00,USD,paid,false
E76-1445,2026-01-23T14:03:00Z,email,81.21,40.60,USD,paid,false
E76-1439,2026-01-23T14:04:00Z,(direct),158.21,0.00,USD,paid,false
E76-1432,2026-01-23T14:33:00Z,email,168.32,0.00,USD,paid,false
E76-1421,2026-01-23T16:13:00Z,email,104.06,0.00,USD,paid,false
E76-1440,2026-01-23T16:14:00Z,affiliate,137.55,0.00,USD,cancelled,false
E76-1444,2026-01-23T16:17:00Z,facebook,165.69,0.00,USD,paid,false
E76-1422,2026-01-23T16:31:00Z,(direct),200.47,0.00,USD,paid,false
E76-1424,2026-01-23T16:41:00Z,(direct),190.54,190.54,CAD,paid,false
E76-1443,2026-01-23T16:42:00Z,fb,92.23,0.00,USD,paid,false
E76-1426,2026-01-23T16:54:00Z,"Facebook Ads",119.08,0.00,CAD,paid,false
E76-1442,2026-01-23T17:13:00Z,"Facebook Ads",202.38,202.38,USD,paid,false
E76-1435,2026-01-23T17:15:00Z,email,89.09,0.00,USD,paid,false
E76-1423,2026-01-23T17:23:00Z,fb,95.67,0.00,USD,paid,false
E76-1436,2026-01-23T17:34:00Z,facebook,200.40,0.00,CAD,paid,false
E76-1441,2026-01-23T17:34:00Z,tiktok,52.73,0.00,CAD,cancelled,false
E76-1429,2026-01-23T18:18:00Z,"Facebook Ads",60.96,0.00,USD,paid,false
E76-1425,2026-01-23T18:24:00Z,google,127.71,0.00,CAD,paid,false
E76-1433,2026-01-23T18:47:00Z,email,116.80,116.80,USD,paid,false
E76-1420,2026-01-23T19:21:00Z,affiliate,95.95,0.00,USD,paid,false
E76-1428,2026-01-23T19:35:00Z,email,44.28,0.00,USD,paid,false
E76-1431,2026-01-23T19:39:00Z,"Facebook Ads",181.11,0.00,USD,paid,false
E76-1427,2026-01-23T20:19:00Z,(direct),48.25,0.00,USD,paid,false
E76-1438,2026-01-23T20:36:00Z,fb,204.76,0.00,USD,paid,false
E76-1447,2026-01-23T21:41:00Z,(direct),84.65,0.00,USD,paid,false
E76-1430,2026-01-23T22:01:00Z,(direct),120.81,0.00,USD,paid,false
E76-1448,2026-01-23T22:18:00Z,fb,112.82,0.00,USD,cancelled,false
E76-1437,2026-01-23T22:48:00Z,fb,140.23,0.00,USD,paid,false
E76-1434,2026-01-23T23:04:00Z,google,183.18,0.00,USD,paid,false
E76-1446,2026-01-23T23:56:00Z,"Facebook Ads",140.87,0.00,USD,paid,false
E76-1449,2026-01-24T14:07:00Z,facebook,94.92,0.00,USD,paid,false
E76-1456,2026-01-24T14:10:00Z,tiktok,107.34,0.00,USD,paid,false
E76-1463,2026-01-24T14:17:00Z,fb,175.79,0.00,USD,paid,false
E76-1458,2026-01-24T14:22:00Z,tiktok,118.84,0.00,USD,paid,false
E76-1469,2026-01-24T14:50:00Z,fb,128.34,0.00,CAD,cancelled,false
E76-1459,2026-01-24T15:18:00Z,(direct),88.83,0.00,USD,paid,false
E76-1467,2026-01-24T15:27:00Z,email,110.89,55.45,USD,paid,false
E76-1466,2026-01-24T15:37:00Z,facebook,28.78,0.00,USD,paid,false
E76-1468,2026-01-24T16:58:00Z,"Facebook Ads",65.97,0.00,USD,paid,false
E76-1450,2026-01-24T17:18:00Z,google,138.33,0.00,USD,paid,false
E76-1461,2026-01-24T17:23:00Z,google,195.01,0.00,USD,paid,false
E76-1453,2026-01-24T18:24:00Z,tiktok,109.03,0.00,USD,paid,false
E76-1452,2026-01-24T19:56:00Z,tiktok,173.70,0.00,USD,paid,false
E76-1464,2026-01-24T20:59:00Z,tiktok,117.60,0.00,USD,paid,false
E76-1462,2026-01-24T21:43:00Z,(direct),25.99,0.00,USD,paid,false
E76-1465,2026-01-24T21:51:00Z,email,44.14,0.00,USD,paid,false
E76-1455,2026-01-24T22:00:00Z,affiliate,78.31,0.00,USD,paid,false
E76-1457,2026-01-24T22:33:00Z,tiktok,64.96,0.00,USD,paid,false
E76-1460,2026-01-24T22:47:00Z,google,188.20,0.00,USD,paid,false
E76-1454,2026-01-24T23:22:00Z,facebook,140.98,0.00,USD,paid,false
E76-1451,2026-01-24T23:53:00Z,tiktok,120.69,0.00,USD,paid,false
E76-1479,2026-01-25T14:19:00Z,tiktok,56.55,0.00,USD,paid,false
E76-1485,2026-01-25T14:56:00Z,"Facebook Ads",29.79,0.00,USD,paid,false
E76-1480,2026-01-25T16:33:00Z,facebook,35.05,0.00,USD,paid,false
E76-1486,2026-01-25T16:46:00Z,email,41.88,0.00,USD,paid,false
E76-1490,2026-01-25T16:50:00Z,affiliate,179.55,0.00,USD,paid,false
E76-1477,2026-01-25T17:12:00Z,"Facebook Ads",57.94,0.00,USD,paid,false
E76-1474,2026-01-25T18:15:00Z,tiktok,47.31,0.00,USD,paid,false
E76-1488,2026-01-25T19:04:00Z,facebook,176.79,0.00,USD,paid,false
E76-1471,2026-01-25T19:13:00Z,email,100.41,0.00,USD,paid,false
E76-1482,2026-01-25T19:13:00Z,google,81.46,0.00,USD,paid,false
E76-1473,2026-01-25T19:18:00Z,fb,45.41,0.00,CAD,paid,false
E76-1475,2026-01-25T19:35:00Z,facebook,157.45,0.00,USD,paid,false
E76-1491,2026-01-25T20:34:00Z,"Facebook Ads",93.63,0.00,USD,paid,false
E76-1472,2026-01-25T21:16:00Z,fb,53.54,0.00,USD,paid,false
E76-1478,2026-01-25T21:43:00Z,google,201.28,0.00,USD,paid,false
E76-1481,2026-01-25T21:44:00Z,google,190.50,0.00,USD,paid,false
E76-1476,2026-01-25T22:33:00Z,facebook,204.61,0.00,USD,paid,false
E76-1470,2026-01-25T22:34:00Z,tiktok,119.72,0.00,USD,paid,false
E76-1484,2026-01-25T22:34:00Z,fb,197.48,0.00,USD,paid,false
E76-1487,2026-01-25T22:50:00Z,facebook,153.42,0.00,USD,paid,false
E76-1489,2026-01-25T23:21:00Z,email,133.44,0.00,USD,paid,false
E76-1483,2026-01-25T23:31:00Z,facebook,76.38,0.00,USD,paid,false
E76-1512,2026-01-26T14:15:00Z,email,151.67,0.00,USD,paid,false
E76-1497,2026-01-26T14:33:00Z,"Facebook Ads",136.78,0.00,USD,paid,false
E76-1495,2026-01-26T15:03:00Z,google,31.39,0.00,CAD,paid,false
E76-1503,2026-01-26T15:14:00Z,fb,89.26,0.00,USD,paid,false
E76-1511,2026-01-26T15:26:00Z,facebook,97.77,0.00,USD,paid,false
E76-1493,2026-01-26T16:03:00Z,email,156.20,0.00,USD,paid,false
E76-1501,2026-01-26T17:03:00Z,(direct),108.93,0.00,USD,paid,false
E76-1502,2026-01-26T17:32:00Z,affiliate,155.56,0.00,USD,paid,false
E76-1510,2026-01-26T17:36:00Z,facebook,66.39,0.00,USD,paid,false
E76-1504,2026-01-26T19:02:00Z,"Facebook Ads",48.05,0.00,USD,paid,false
E76-1494,2026-01-26T19:14:00Z,fb,159.45,79.72,USD,paid,false
E76-1500,2026-01-26T19:30:00Z,email,123.55,0.00,CAD,paid,true
E76-1505,2026-01-26T19:38:00Z,affiliate,63.09,0.00,USD,paid,false
E76-1508,2026-01-26T20:10:00Z,"Facebook Ads",92.60,0.00,USD,paid,false
E76-1509,2026-01-26T20:22:00Z,tiktok,204.35,0.00,CAD,paid,false
E76-1507,2026-01-26T20:45:00Z,email,82.02,0.00,USD,paid,false
E76-1492,2026-01-26T21:11:00Z,tiktok,72.61,36.31,CAD,paid,false
E76-1498,2026-01-26T21:18:00Z,"Facebook Ads",25.96,0.00,USD,paid,false
E76-1499,2026-01-26T22:11:00Z,affiliate,111.64,0.00,USD,paid,false
E76-1496,2026-01-26T22:39:00Z,tiktok,84.36,0.00,USD,paid,false
E76-1506,2026-01-26T22:50:00Z,"Facebook Ads",201.37,0.00,USD,paid,false
E76-1516,2026-01-27T14:06:00Z,google,156.93,0.00,USD,paid,false
E76-1523,2026-01-27T14:11:00Z,affiliate,42.29,0.00,USD,paid,false
E76-1525,2026-01-27T14:52:00Z,facebook,54.29,0.00,USD,paid,false
E76-1531,2026-01-27T15:03:00Z,facebook,105.82,0.00,USD,paid,false
E76-1540,2026-01-27T15:12:00Z,"Facebook Ads",167.66,0.00,CAD,paid,false
E76-1524,2026-01-27T15:13:00Z,facebook,178.05,0.00,USD,paid,false
E76-1527,2026-01-27T15:28:00Z,tiktok,99.07,0.00,USD,paid,false
E76-1515,2026-01-27T15:59:00Z,email,190.10,0.00,USD,paid,false
E76-1537,2026-01-27T16:15:00Z,affiliate,120.94,0.00,CAD,paid,false
E76-1532,2026-01-27T16:45:00Z,"Facebook Ads",139.82,0.00,USD,paid,false
E76-1519,2026-01-27T16:51:00Z,email,55.98,0.00,USD,paid,false
E76-1526,2026-01-27T16:59:00Z,email,196.18,0.00,USD,paid,false
E76-1528,2026-01-27T17:15:00Z,"Facebook Ads",187.06,0.00,CAD,paid,false
E76-1521,2026-01-27T17:40:00Z,"Facebook Ads",174.92,0.00,USD,paid,false
E76-1529,2026-01-27T17:55:00Z,tiktok,173.72,0.00,USD,paid,false
E76-1514,2026-01-27T18:32:00Z,affiliate,176.55,88.28,USD,paid,false
E76-1520,2026-01-27T18:42:00Z,facebook,64.51,0.00,USD,paid,false
E76-1538,2026-01-27T18:56:00Z,tiktok,74.05,0.00,USD,paid,false
E76-1534,2026-01-27T19:02:00Z,tiktok,114.52,0.00,USD,paid,false
E76-1513,2026-01-27T19:15:00Z,tiktok,188.09,0.00,USD,paid,false
E76-1518,2026-01-27T19:59:00Z,tiktok,63.86,0.00,USD,paid,false
E76-1530,2026-01-27T20:37:00Z,(direct),160.10,0.00,CAD,paid,false
E76-1535,2026-01-27T20:58:00Z,fb,139.08,0.00,USD,paid,false
E76-1533,2026-01-27T21:01:00Z,facebook,40.47,0.00,USD,paid,false
E76-1517,2026-01-27T21:03:00Z,google,190.37,0.00,USD,paid,false
E76-1522,2026-01-27T21:34:00Z,email,33.65,0.00,USD,paid,false
E76-1539,2026-01-27T23:03:00Z,email,53.53,0.00,USD,paid,false
E76-1536,2026-01-27T23:59:00Z,"Facebook Ads",55.44,0.00,USD,paid,false
E76-1552,2026-01-28T14:09:00Z,"Facebook Ads",41.64,0.00,USD,paid,false
E76-1567,2026-01-28T15:04:00Z,affiliate,46.30,0.00,USD,paid,false
E76-1565,2026-01-28T15:41:00Z,google,55.87,0.00,CAD,paid,false
E76-1558,2026-01-28T15:55:00Z,"Facebook Ads",194.55,0.00,USD,paid,false
E76-1541,2026-01-28T16:00:00Z,email,124.24,0.00,USD,paid,false
E76-1561,2026-01-28T16:05:00Z,email,88.92,0.00,USD,paid,false
E76-1549,2026-01-28T16:51:00Z,facebook,72.52,0.00,CAD,paid,false
E76-1557,2026-01-28T17:01:00Z,email,85.15,0.00,USD,paid,false
E76-1544,2026-01-28T17:08:00Z,email,176.79,0.00,USD,paid,false
E76-1559,2026-01-28T17:48:00Z,facebook,128.04,0.00,CAD,paid,false
E76-1553,2026-01-28T18:14:00Z,email,183.67,0.00,CAD,paid,false
E76-1566,2026-01-28T19:02:00Z,(direct),176.59,0.00,USD,paid,false
E76-1546,2026-01-28T19:15:00Z,(direct),70.85,0.00,USD,paid,false
E76-1562,2026-01-28T19:23:00Z,fb,176.84,0.00,USD,paid,false
E76-1563,2026-01-28T19:29:00Z,google,72.21,0.00,USD,paid,false
E76-1548,2026-01-28T19:45:00Z,google,112.70,0.00,USD,cancelled,false
E76-1545,2026-01-28T19:54:00Z,(direct),162.31,0.00,CAD,paid,false
E76-1556,2026-01-28T20:05:00Z,fb,113.84,0.00,USD,paid,false
E76-1564,2026-01-28T20:34:00Z,tiktok,97.95,0.00,CAD,paid,false
E76-1547,2026-01-28T20:43:00Z,google,156.35,0.00,USD,paid,false
E76-1542,2026-01-28T21:32:00Z,"Facebook Ads",117.74,0.00,USD,paid,false
E76-1543,2026-01-28T21:45:00Z,email,188.61,0.00,CAD,paid,false
E76-1555,2026-01-28T21:53:00Z,tiktok,44.97,0.00,USD,paid,false
E76-1560,2026-01-28T21:59:00Z,google,136.63,0.00,USD,cancelled,false
E76-1554,2026-01-28T22:47:00Z,tiktok,132.31,0.00,USD,paid,false
E76-1550,2026-01-28T23:42:00Z,(direct),96.19,0.00,USD,paid,false
E76-1551,2026-01-28T23:47:00Z,"Facebook Ads",65.03,0.00,USD,paid,false
E76-1574,2026-01-29T15:06:00Z,facebook,147.35,0.00,USD,cancelled,false
E76-1576,2026-01-29T15:19:00Z,email,57.03,0.00,USD,paid,false
E76-1581,2026-01-29T16:30:00Z,"Facebook Ads",201.73,0.00,CAD,paid,false
E76-1580,2026-01-29T16:52:00Z,tiktok,61.85,0.00,USD,paid,false
E76-1577,2026-01-29T17:20:00Z,facebook,171.36,0.00,USD,paid,false
E76-1579,2026-01-29T17:41:00Z,"Facebook Ads",38.97,0.00,USD,paid,false
E76-1568,2026-01-29T18:15:00Z,"Facebook Ads",70.77,0.00,USD,paid,false
E76-1570,2026-01-29T18:38:00Z,email,53.50,0.00,CAD,paid,false
E76-1571,2026-01-29T18:42:00Z,facebook,53.34,0.00,CAD,paid,false
E76-1583,2026-01-29T19:06:00Z,"Facebook Ads",143.79,0.00,USD,paid,false
E76-1572,2026-01-29T20:04:00Z,fb,122.77,0.00,CAD,paid,false
E76-1582,2026-01-29T20:09:00Z,(direct),25.34,0.00,CAD,paid,false
E76-1585,2026-01-29T20:21:00Z,google,119.65,0.00,CAD,paid,false
E76-1584,2026-01-29T21:11:00Z,fb,80.64,0.00,USD,paid,false
E76-1575,2026-01-29T22:57:00Z,(direct),199.13,0.00,USD,paid,false
E76-1578,2026-01-29T23:09:00Z,email,64.45,0.00,USD,paid,false
E76-1569,2026-01-29T23:42:00Z,tiktok,52.78,0.00,USD,cancelled,false
E76-1573,2026-01-29T23:47:00Z,email,80.37,0.00,USD,paid,false
E76-1593,2026-01-30T14:40:00Z,tiktok,88.73,0.00,USD,paid,false
E76-1590,2026-01-30T15:13:00Z,google,104.06,0.00,USD,paid,false
E76-1586,2026-01-30T15:22:00Z,tiktok,27.91,0.00,CAD,paid,false
E76-1588,2026-01-30T15:32:00Z,facebook,131.84,65.92,USD,paid,true
E76-1605,2026-01-30T17:03:00Z,"Facebook Ads",200.72,0.00,USD,paid,false
E76-1597,2026-01-30T17:09:00Z,(direct),59.71,0.00,USD,paid,false
E76-1600,2026-01-30T17:56:00Z,fb,161.86,0.00,USD,paid,false
E76-1589,2026-01-30T19:13:00Z,(direct),86.35,0.00,USD,paid,false
E76-1591,2026-01-30T19:19:00Z,"Facebook Ads",46.35,46.35,CAD,paid,false
E76-1587,2026-01-30T19:25:00Z,tiktok,187.85,0.00,CAD,paid,false
E76-1604,2026-01-30T20:17:00Z,facebook,163.95,0.00,USD,paid,true
E76-1599,2026-01-30T20:27:00Z,email,171.18,0.00,USD,paid,false
E76-1601,2026-01-30T20:28:00Z,(direct),128.40,0.00,USD,paid,false
E76-1602,2026-01-30T20:48:00Z,tiktok,68.83,0.00,CAD,paid,false
E76-1595,2026-01-30T20:58:00Z,tiktok,162.57,0.00,USD,paid,false
E76-1592,2026-01-30T21:06:00Z,affiliate,189.55,0.00,USD,paid,false
E76-1603,2026-01-30T22:04:00Z,"Facebook Ads",122.00,0.00,USD,paid,false
E76-1596,2026-01-30T22:11:00Z,(direct),126.58,0.00,USD,paid,false
E76-1594,2026-01-30T22:25:00Z,"Facebook Ads",107.22,0.00,USD,paid,false
E76-1606,2026-01-30T22:48:00Z,fb,125.69,0.00,USD,paid,false
E76-1598,2026-01-30T22:52:00Z,affiliate,74.90,0.00,USD,paid,false
E76-1624,2026-01-31T14:34:00Z,tiktok,179.55,0.00,USD,paid,false
E76-1627,2026-01-31T14:37:00Z,email,170.48,0.00,USD,paid,false
E76-1613,2026-01-31T14:42:00Z,facebook,99.92,0.00,USD,paid,false
E76-1623,2026-01-31T15:20:00Z,google,90.99,0.00,USD,paid,false
E76-1614,2026-01-31T15:42:00Z,"Facebook Ads",99.67,0.00,USD,paid,false
E76-1629,2026-01-31T16:07:00Z,(direct),178.46,0.00,USD,paid,false
E76-1609,2026-01-31T17:06:00Z,email,61.16,0.00,USD,paid,false
E76-1618,2026-01-31T17:10:00Z,google,52.06,0.00,USD,paid,false
E76-1620,2026-01-31T17:12:00Z,affiliate,63.34,0.00,USD,paid,false
E76-1608,2026-01-31T17:25:00Z,email,28.31,0.00,USD,paid,false
E76-1625,2026-01-31T17:33:00Z,facebook,134.94,0.00,USD,paid,false
E76-1611,2026-01-31T17:36:00Z,email,93.20,0.00,CAD,paid,false
E76-1632,2026-01-31T18:19:00Z,google,41.16,0.00,USD,paid,false
E76-1621,2026-01-31T18:34:00Z,facebook,98.92,0.00,CAD,paid,false
E76-1633,2026-01-31T19:19:00Z,email,69.07,0.00,USD,paid,false
E76-1628,2026-01-31T19:35:00Z,google,119.68,0.00,USD,paid,false
E76-1607,2026-01-31T20:55:00Z,fb,54.25,0.00,USD,paid,false
E76-1616,2026-01-31T21:16:00Z,fb,201.05,0.00,USD,paid,false
E76-1610,2026-01-31T21:42:00Z,email,114.52,0.00,USD,paid,false
E76-1612,2026-01-31T22:17:00Z,"Facebook Ads",63.03,63.03,USD,paid,false
E76-1622,2026-01-31T22:26:00Z,(direct),181.29,0.00,USD,paid,false
E76-1630,2026-01-31T22:26:00Z,facebook,110.03,0.00,USD,paid,false
E76-1631,2026-01-31T22:38:00Z,"Facebook Ads",138.94,0.00,CAD,paid,false
E76-1617,2026-01-31T23:01:00Z,tiktok,28.00,0.00,USD,paid,false
E76-1619,2026-01-31T23:21:00Z,facebook,174.03,0.00,CAD,paid,false
E76-1626,2026-01-31T23:32:00Z,facebook,183.20,0.00,USD,paid,false
E76-1615,2026-01-31T23:50:00Z,email,199.02,0.00,USD,paid,false
E76-1643,2026-02-01T14:20:00Z,facebook,196.40,0.00,USD,paid,false
E76-1637,2026-02-01T14:38:00Z,google,186.62,0.00,CAD,paid,false
E76-1652,2026-02-01T15:09:00Z,fb,153.85,0.00,USD,paid,false
E76-1653,2026-02-01T15:25:00Z,facebook,165.40,0.00,USD,paid,false
E76-1646,2026-02-01T15:34:00Z,"Facebook Ads",134.98,0.00,USD,paid,false
E76-1655,2026-02-01T15:42:00Z,facebook,89.05,0.00,USD,paid,false
E76-1651,2026-02-01T16:25:00Z,"Facebook Ads",62.47,0.00,USD,paid,false
E76-1639,2026-02-01T16:46:00Z,google,101.32,0.00,USD,paid,false
E76-1634,2026-02-01T16:56:00Z,email,97.58,0.00,USD,paid,false
E76-1654,2026-02-01T17:16:00Z,tiktok,164.16,0.00,USD,paid,false
E76-1635,2026-02-01T17:28:00Z,google,78.86,0.00,USD,paid,false
E76-1647,2026-02-01T17:33:00Z,fb,42.20,0.00,CAD,paid,false
E76-1657,2026-02-01T18:20:00Z,"Facebook Ads",204.97,0.00,USD,paid,false
E76-1640,2026-02-01T18:36:00Z,fb,137.76,0.00,USD,paid,false
E76-1644,2026-02-01T18:51:00Z,affiliate,103.18,103.18,USD,paid,false
E76-1645,2026-02-01T19:00:00Z,facebook,133.56,0.00,USD,paid,false
E76-1648,2026-02-01T19:17:00Z,fb,171.31,0.00,USD,paid,false
E76-1641,2026-02-01T20:29:00Z,(direct),95.69,0.00,USD,paid,false
E76-1636,2026-02-01T20:39:00Z,facebook,67.86,0.00,USD,paid,false
E76-1649,2026-02-01T21:04:00Z,tiktok,144.10,0.00,USD,paid,false
E76-1656,2026-02-01T21:56:00Z,affiliate,120.99,0.00,USD,paid,false
E76-1638,2026-02-01T22:25:00Z,google,199.67,0.00,USD,paid,false
E76-1650,2026-02-01T22:59:00Z,google,200.37,0.00,USD,paid,false
E76-1642,2026-02-01T23:26:00Z,facebook,123.60,0.00,USD,cancelled,false
E76-1668,2026-02-02T14:31:00Z,tiktok,153.06,0.00,USD,paid,false
E76-1687,2026-02-02T14:33:00Z,fb,144.96,0.00,USD,paid,false
E76-1671,2026-02-02T15:36:00Z,tiktok,100.13,0.00,USD,paid,false
E76-1679,2026-02-02T15:43:00Z,(direct),28.17,0.00,USD,paid,false
E76-1677,2026-02-02T15:45:00Z,facebook,202.53,0.00,CAD,paid,false
E76-1662,2026-02-02T15:56:00Z,email,67.58,0.00,USD,paid,false
E76-1672,2026-02-02T16:20:00Z,google,100.89,0.00,USD,paid,false
E76-1676,2026-02-02T16:24:00Z,affiliate,120.16,0.00,USD,paid,false
E76-1685,2026-02-02T16:30:00Z,email,154.73,0.00,USD,paid,false
E76-1666,2026-02-02T16:31:00Z,email,115.39,0.00,USD,paid,false
E76-1682,2026-02-02T16:35:00Z,tiktok,137.41,0.00,CAD,paid,false
E76-1658,2026-02-02T16:45:00Z,google,84.86,0.00,USD,paid,false
E76-1658,2026-02-02T16:45:00Z,google,84.86,0.00,USD,paid,false
E76-1678,2026-02-02T17:03:00Z,facebook,51.66,0.00,CAD,paid,false
E76-1675,2026-02-02T18:19:00Z,"Facebook Ads",158.05,0.00,USD,paid,false
E76-1669,2026-02-02T18:48:00Z,affiliate,162.72,0.00,USD,paid,false
E76-1665,2026-02-02T19:10:00Z,fb,34.54,0.00,USD,paid,false
E76-1667,2026-02-02T19:26:00Z,google,81.89,0.00,USD,paid,false
E76-1681,2026-02-02T19:30:00Z,tiktok,145.01,0.00,CAD,paid,false
E76-1674,2026-02-02T20:20:00Z,affiliate,126.98,0.00,USD,paid,false
E76-1659,2026-02-02T20:29:00Z,tiktok,182.38,0.00,USD,paid,false
E76-1664,2026-02-02T20:49:00Z,email,193.70,0.00,CAD,paid,false
E76-1684,2026-02-02T21:04:00Z,affiliate,63.63,0.00,USD,paid,false
E76-1663,2026-02-02T21:05:00Z,affiliate,36.61,0.00,CAD,paid,false
E76-1660,2026-02-02T21:51:00Z,google,145.94,72.97,USD,paid,false
E76-1686,2026-02-02T22:07:00Z,affiliate,115.73,0.00,USD,paid,false
E76-1670,2026-02-02T22:08:00Z,facebook,191.25,0.00,CAD,paid,false
E76-1680,2026-02-02T22:36:00Z,"Facebook Ads",44.21,0.00,USD,paid,false
E76-1673,2026-02-02T22:44:00Z,(direct),157.73,0.00,USD,paid,false
E76-1683,2026-02-02T23:16:00Z,(direct),121.04,0.00,USD,paid,false
E76-1661,2026-02-02T23:55:00Z,"Facebook Ads",155.26,0.00,USD,paid,false
E76-1702,2026-02-03T14:04:00Z,email,52.03,0.00,USD,paid,false
E76-1700,2026-02-03T16:24:00Z,fb,94.50,0.00,USD,paid,false
E76-1706,2026-02-03T16:34:00Z,google,166.36,0.00,USD,paid,false
E76-1701,2026-02-03T17:26:00Z,"Facebook Ads",153.55,0.00,USD,paid,false
E76-1694,2026-02-03T17:28:00Z,(direct),110.78,0.00,CAD,paid,false
E76-1699,2026-02-03T17:48:00Z,facebook,135.69,0.00,USD,paid,false
E76-1696,2026-02-03T17:57:00Z,(direct),204.33,0.00,USD,paid,false
E76-1703,2026-02-03T18:20:00Z,google,61.64,30.82,USD,paid,false
E76-1688,2026-02-03T18:56:00Z,fb,43.82,0.00,USD,paid,false
E76-1704,2026-02-03T19:12:00Z,facebook,42.17,0.00,CAD,paid,false
E76-1695,2026-02-03T19:26:00Z,fb,37.37,0.00,USD,paid,false
E76-1705,2026-02-03T20:21:00Z,(direct),53.95,0.00,USD,paid,false
E76-1690,2026-02-03T20:52:00Z,fb,46.17,0.00,USD,paid,false
E76-1697,2026-02-03T20:59:00Z,google,186.34,0.00,USD,paid,false
E76-1698,2026-02-03T22:00:00Z,tiktok,148.40,0.00,USD,paid,false
E76-1693,2026-02-03T22:20:00Z,facebook,112.27,0.00,USD,paid,false
E76-1689,2026-02-03T22:33:00Z,google,204.68,0.00,CAD,paid,false
E76-1692,2026-02-03T22:38:00Z,facebook,164.89,0.00,USD,paid,false
E76-1691,2026-02-03T22:39:00Z,tiktok,118.58,0.00,USD,paid,false
E76-1713,2026-02-04T14:03:00Z,email,58.68,0.00,USD,paid,false
E76-1733,2026-02-04T15:12:00Z,facebook,40.06,0.00,USD,paid,false
E76-1722,2026-02-04T15:16:00Z,tiktok,85.74,0.00,USD,paid,false
E76-1717,2026-02-04T15:25:00Z,affiliate,148.78,0.00,USD,paid,false
E76-1730,2026-02-04T15:49:00Z,email,44.19,0.00,USD,paid,false
E76-1710,2026-02-04T15:50:00Z,facebook,76.66,0.00,CAD,paid,false
E76-1709,2026-02-04T15:54:00Z,facebook,35.80,0.00,USD,paid,false
E76-1732,2026-02-04T15:59:00Z,fb,191.77,0.00,USD,paid,false
E76-1716,2026-02-04T16:18:00Z,(direct),176.74,0.00,USD,cancelled,false
E76-1724,2026-02-04T16:33:00Z,affiliate,168.31,0.00,USD,paid,false
E76-1719,2026-02-04T16:59:00Z,google,183.35,0.00,USD,paid,false
E76-1714,2026-02-04T17:02:00Z,tiktok,41.31,0.00,USD,paid,false
E76-1725,2026-02-04T17:12:00Z,"Facebook Ads",31.18,0.00,USD,paid,false
E76-1731,2026-02-04T18:50:00Z,fb,85.39,0.00,USD,paid,false
E76-1734,2026-02-04T18:55:00Z,"Facebook Ads",92.61,0.00,USD,paid,false
E76-1715,2026-02-04T19:39:00Z,(direct),199.42,0.00,CAD,paid,false
E76-1728,2026-02-04T19:43:00Z,"Facebook Ads",72.66,0.00,USD,paid,false
E76-1727,2026-02-04T19:59:00Z,facebook,184.52,0.00,USD,paid,false
E76-1729,2026-02-04T20:11:00Z,fb,178.32,0.00,USD,paid,false
E76-1711,2026-02-04T20:41:00Z,(direct),70.67,0.00,CAD,paid,false
E76-1720,2026-02-04T20:41:00Z,google,114.64,114.64,USD,paid,false
E76-1726,2026-02-04T21:12:00Z,facebook,75.46,0.00,USD,paid,true
E76-1723,2026-02-04T21:34:00Z,google,56.58,0.00,USD,paid,false
E76-1718,2026-02-04T21:35:00Z,"Facebook Ads",106.79,53.40,USD,paid,false
E76-1735,2026-02-04T22:10:00Z,(direct),171.80,0.00,USD,paid,false
E76-1721,2026-02-04T22:17:00Z,(direct),178.51,0.00,USD,paid,false
E76-1712,2026-02-04T23:03:00Z,email,185.90,0.00,USD,paid,false
E76-1708,2026-02-04T23:23:00Z,"Facebook Ads",62.14,0.00,USD,paid,false
E76-1707,2026-02-04T23:44:00Z,(direct),153.25,0.00,CAD,paid,false
